{"cameraMode":{"drawMode":0,"name":"Shaded","section":"Shading Mode"},"sceneLighting":false,"audioPlay":false,"sceneViewState":{"showFog":true,"showMaterialUpdate":false,"showSkybox":true,"showFlares":true,"showImageEffects":true,"showParticleSystems":true},"in2DMode":false,"pivot":{"x":496.8316955566406,"y":375.98291015625,"z":-260.5538635253906},"rotation":{"x":-0.03329968452453613,"y":-0.015894360840320588,"z":0.0005262311897240579,"w":-0.9993434548377991},"size":184.87901306152345,"orthographic":false}