{"cameraMode":{"drawMode":0,"name":"Shaded","section":"Shading Mode"},"sceneLighting":false,"audioPlay":false,"sceneViewState":{"showFog":true,"showMaterialUpdate":false,"showSkybox":true,"showFlares":true,"showImageEffects":true,"showParticleSystems":true},"in2DMode":false,"pivot":{"x":577.1870727539063,"y":480.2987060546875,"z":-15.94781494140625},"rotation":{"x":0.15267214179039002,"y":0.025510011240839959,"z":-0.003922782838344574,"w":0.9880359172821045},"size":375.0026550292969,"orthographic":false}