{"cameraMode":{"drawMode":0,"name":"Shaded","section":"Shading Mode"},"sceneLighting":false,"audioPlay":false,"sceneViewState":{"showFog":true,"showMaterialUpdate":false,"showSkybox":true,"showFlares":true,"showImageEffects":true,"showParticleSystems":true},"in2DMode":false,"pivot":{"x":836.9000244140625,"y":377.70001220703127,"z":0.0},"rotation":{"x":0.015309004113078118,"y":0.007809459697455168,"z":-0.0003102442133240402,"w":1.0000252723693848},"size":47.88986587524414,"orthographic":false}