{"cameraMode":{"drawMode":0,"name":"Shaded","section":"Shading Mode"},"sceneLighting":false,"audioPlay":false,"sceneViewState":{"showFog":true,"showMaterialUpdate":false,"showSkybox":true,"showFlares":true,"showImageEffects":true,"showParticleSystems":true},"in2DMode":false,"pivot":{"x":0.20203863084316255,"y":-6.317080974578857,"z":7.742725372314453},"rotation":{"x":0.27666202187538149,"y":0.05790019407868385,"z":-0.016774168238043786,"w":0.9592161774635315},"size":8.814144134521485,"orthographic":false}