{"cameraMode":{"drawMode":0,"name":"Shaded","section":"Shading Mode"},"sceneLighting":false,"audioPlay":false,"sceneViewState":{"showFog":true,"showMaterialUpdate":false,"showSkybox":true,"showFlares":true,"showImageEffects":true,"showParticleSystems":true},"in2DMode":false,"pivot":{"x":420.1340637207031,"y":316.62799072265627,"z":-8.36016845703125},"rotation":{"x":0.061766207218170169,"y":0.016774246469140054,"z":-0.001108926022425294,"w":0.9980748295783997},"size":276.757080078125,"orthographic":false}