{"cameraMode":{"drawMode":0,"name":"Shaded","section":"Shading Mode"},"sceneLighting":false,"audioPlay":false,"sceneViewState":{"showFog":true,"showMaterialUpdate":false,"showSkybox":true,"showFlares":true,"showImageEffects":true,"showParticleSystems":true},"in2DMode":false,"pivot":{"x":-1.1580307483673096,"y":-0.08928799629211426,"z":3.036510705947876},"rotation":{"x":0.13606420159339906,"y":-0.07098560780286789,"z":0.009647421538829804,"w":0.9882784485816956},"size":2.7187554836273195,"orthographic":false}