{"cameraMode":{"drawMode":0,"name":"Shaded","section":"Shading Mode"},"sceneLighting":false,"audioPlay":false,"sceneViewState":{"showFog":true,"showMaterialUpdate":false,"showSkybox":true,"showFlares":true,"showImageEffects":true,"showParticleSystems":true},"in2DMode":false,"pivot":{"x":501.07830810546877,"y":363.8106384277344,"z":-304.31976318359377},"rotation":{"x":-0.021307509392499925,"y":-0.00840163417160511,"z":0.0001752862735884264,"w":-0.9997614622116089},"size":184.87901306152345,"orthographic":false}