{"cameraMode":{"drawMode":0,"name":"Shaded","section":"Shading Mode"},"sceneLighting":false,"audioPlay":false,"sceneViewState":{"showFog":true,"showMaterialUpdate":false,"showSkybox":true,"showFlares":true,"showImageEffects":true,"showParticleSystems":true},"in2DMode":false,"pivot":{"x":505.8946228027344,"y":165.62677001953126,"z":12.3033447265625},"rotation":{"x":0.08271550387144089,"y":0.016740668565034868,"z":-0.0015812836354598404,"w":0.996618926525116},"size":416.419677734375,"orthographic":false}