{"cameraMode":{"drawMode":0,"name":"Shaded","section":"Shading Mode"},"sceneLighting":false,"audioPlay":false,"sceneViewState":{"showFog":true,"showMaterialUpdate":false,"showSkybox":true,"showFlares":true,"showImageEffects":true,"showParticleSystems":true},"in2DMode":false,"pivot":{"x":450.0126647949219,"y":385.3363037109375,"z":6.097640514373779},"rotation":{"x":0.09007149189710617,"y":0.05257759988307953,"z":-0.004799929913133383,"w":0.9946818351745606},"size":373.33349609375,"orthographic":false}