{"cameraMode":{"drawMode":0,"name":"Shaded","section":"Shading Mode"},"sceneLighting":false,"audioPlay":false,"sceneViewState":{"showFog":true,"showMaterialUpdate":false,"showSkybox":true,"showFlares":true,"showImageEffects":true,"showParticleSystems":true},"in2DMode":false,"pivot":{"x":-0.5299107432365418,"y":-0.29539981484413149,"z":14.348342895507813},"rotation":{"x":0.027311155572533609,"y":-0.01319075282663107,"z":0.00016136342310346663,"w":0.999721348285675},"size":10.0,"orthographic":false}