{"cameraMode":{"drawMode":0,"name":"Shaded","section":"Shading Mode"},"sceneLighting":false,"audioPlay":false,"sceneViewState":{"showFog":true,"showMaterialUpdate":false,"showSkybox":true,"showFlares":true,"showImageEffects":true,"showParticleSystems":true},"in2DMode":false,"pivot":{"x":218.93446350097657,"y":434.4774475097656,"z":-192.23739624023438},"rotation":{"x":0.21019932627677918,"y":-0.023177407681941987,"z":0.004909583833068609,"w":0.9775094389915466},"size":37.349708557128909,"orthographic":false}