{"cameraMode":{"drawMode":0,"name":"Shaded","section":"Shading Mode"},"sceneLighting":false,"audioPlay":false,"sceneViewState":{"showFog":true,"showMaterialUpdate":false,"showSkybox":true,"showFlares":true,"showImageEffects":true,"showParticleSystems":true},"in2DMode":false,"pivot":{"x":-0.1159222349524498,"y":0.6262688636779785,"z":15.311203002929688},"rotation":{"x":0.046798136085271838,"y":-0.0011920356191694737,"z":-0.000022001113393343985,"w":0.9990442991256714},"size":10.0,"orthographic":false}