{"cameraMode":{"drawMode":0,"name":"Shaded","section":"Shading Mode"},"sceneLighting":false,"audioPlay":false,"sceneViewState":{"showFog":true,"showMaterialUpdate":false,"showSkybox":true,"showFlares":true,"showImageEffects":true,"showParticleSystems":true},"in2DMode":false,"pivot":{"x":458.9634704589844,"y":197.77130126953126,"z":17.26995849609375},"rotation":{"x":0.06327701359987259,"y":-0.011678858660161496,"z":0.0005486392765305936,"w":0.9981150031089783},"size":416.419677734375,"orthographic":false}